SEX,_AGEG5YR,_IMPRACE,_LLCPWT,DIBEV1
2.0,10.0,1.0,169.0878883272,2
2.0,10.0,1.0,169.0878883272,2
